 {
    "benefits" : [
        {
          "title": "آشنایی با زبان برنامه نویسی جاوااسکریپت",
          "context":
            "در پایان این دوره ی آموزشی ، شما دانشجوی گرامی ، قادر به فهمی عمیق و مناسب نسبت به این زبان خواهید بود"
        },
        {
          "title": "آشنایی با زبان برنامه نویسی جاوااسکریپت",
          "context":
            "در پایان این دوره ی آموزشی ، شما دانشجوی گرامی ، قادر به فهمی عمیق و مناسب نسبت به این زبان خواهید بود"
        },
        {
          "title": "آشنایی با زبان برنامه نویسی جاوااسکریپت",
          "context":
            "در پایان این دوره ی آموزشی ، شما دانشجوی گرامی ، قادر به فهمی عمیق و مناسب نسبت به این زبان خواهید بود"
        }
      ],
    "description" : "امروزه به دلیل آن که ارتباطات فضای مجازی رونق زیادی یافته است طراحی یک سایت به شکل مناسب و مورد پسند کاربران متفاوت اهمیت بالایی یافته است. به همین جهت صاحبان سرمایه و کار برای رونق کار خود به دنبال طراحان حرفه ای برای طراحی سایتی مناسب و کارآمد هستند. لذا یادگیری روش های مناسب و به روز طراحی سایت مورد توجه بسیاری از علاقه مندان و کارجویان قرار گرفته است. جاوا اسکریپت زبان برنامه نویسی مفسری در سمت کلاینت است که می توان بوسیله سایتی مناسب و کارآمد هستند. لذا یادگیری روش های مناسب و به روز طراحی سایت مورد توجه بسیاری از علاقه مندان و کارجویان قرار گرفته است. جاوا اسکریپت زبان برنامه نویسی مفسری در سمت کلاینت است که می توان بوسیله",
    "price": {
        "title" : "دوره جاوا اسکریپت",
        "properties": [
            {
                "propKey": "قیمت دوره :",
                "propValue": "200.000 تومان"
            }, 
            {
                "propKey": "تخفیف",
                "propValue": "10 %"
            }, {
                "propKey": "مبلغ قابل پرداخت",
                "propValue": "180.000 تومان"
            }
        ]
    }
}
